slide_id,patient_id,center,label_str,label
patient_001_node_0,1,0,negative,0
patient_001_node_1,1,0,negative,0
patient_001_node_2,1,0,negative,0
patient_001_node_3,1,0,negative,0
patient_001_node_4,1,0,negative,0
patient_002_node_0,2,0,negative,0
patient_002_node_1,2,0,negative,0
patient_002_node_2,2,0,negative,0
patient_002_node_3,2,0,negative,0
patient_002_node_4,2,0,negative,0
patient_003_node_0,3,0,negative,0
patient_003_node_1,3,0,negative,0
patient_003_node_2,3,0,negative,0
patient_003_node_3,3,0,negative,0
patient_003_node_4,3,0,negative,0
patient_004_node_0,4,0,negative,0
patient_004_node_1,4,0,negative,0
patient_004_node_2,4,0,negative,0
patient_004_node_3,4,0,negative,0
patient_004_node_4,4,0,itc,1
patient_006_node_0,6,0,negative,0
patient_006_node_1,6,0,negative,0
patient_006_node_2,6,0,itc,1
patient_006_node_3,6,0,negative,0
patient_006_node_4,6,0,itc,1
patient_007_node_0,7,0,negative,0
patient_007_node_1,7,0,negative,0
patient_007_node_2,7,0,negative,0
patient_007_node_3,7,0,negative,0
patient_007_node_4,7,0,micro,2
patient_008_node_0,8,0,micro,2
patient_008_node_1,8,0,negative,0
patient_008_node_2,8,0,negative,0
patient_008_node_3,8,0,negative,0
patient_008_node_4,8,0,negative,0
patient_009_node_0,9,0,itc,1
patient_009_node_1,9,0,micro,2
patient_009_node_2,9,0,negative,0
patient_009_node_3,9,0,negative,0
patient_009_node_4,9,0,negative,0
patient_010_node_0,10,0,micro,2
patient_010_node_1,10,0,negative,0
patient_010_node_2,10,0,negative,0
patient_010_node_3,10,0,negative,0
patient_010_node_4,10,0,micro,2
patient_011_node_0,11,0,micro,2
patient_011_node_1,11,0,negative,0
patient_011_node_2,11,0,negative,0
patient_011_node_3,11,0,negative,0
patient_011_node_4,11,0,negative,0
patient_012_node_0,12,0,macro,3
patient_012_node_1,12,0,negative,0
patient_012_node_2,12,0,negative,0
patient_012_node_3,12,0,negative,0
patient_012_node_4,12,0,negative,0
patient_014_node_0,14,0,negative,0
patient_014_node_1,14,0,negative,0
patient_014_node_2,14,0,macro,3
patient_014_node_3,14,0,itc,1
patient_014_node_4,14,0,macro,3
patient_015_node_0,15,0,negative,0
patient_015_node_1,15,0,macro,3
patient_015_node_2,15,0,macro,3
patient_015_node_3,15,0,negative,0
patient_015_node_4,15,0,itc,1
patient_016_node_0,16,0,macro,3
patient_016_node_1,16,0,itc,1
patient_016_node_2,16,0,negative,0
patient_016_node_3,16,0,negative,0
patient_016_node_4,16,0,negative,0
patient_017_node_0,17,0,negative,0
patient_017_node_1,17,0,itc,1
patient_017_node_2,17,0,macro,3
patient_017_node_4,17,0,micro,2
patient_018_node_0,18,0,negative,0
patient_018_node_1,18,0,micro,2
patient_018_node_2,18,0,micro,2
patient_018_node_3,18,0,macro,3
patient_018_node_4,18,0,itc,1
patient_019_node_0,19,0,macro,3
patient_019_node_1,19,0,macro,3
patient_019_node_3,19,0,macro,3
patient_019_node_4,19,0,negative,0
patient_020_node_0,20,1,negative,0
patient_020_node_1,20,1,micro,2
patient_020_node_2,20,1,micro,2
patient_020_node_3,20,1,negative,0
patient_020_node_4,20,1,macro,3
patient_021_node_0,21,1,macro,3
patient_021_node_1,21,1,micro,2
patient_021_node_2,21,1,negative,0
patient_021_node_3,21,1,micro,2
patient_021_node_4,21,1,micro,2
patient_022_node_0,22,1,micro,2
patient_022_node_1,22,1,micro,2
patient_022_node_2,22,1,negative,0
patient_022_node_3,22,1,negative,0
patient_022_node_4,22,1,macro,3
patient_023_node_0,23,1,negative,0
patient_023_node_1,23,1,negative,0
patient_023_node_2,23,1,negative,0
patient_023_node_3,23,1,negative,0
patient_023_node_4,23,1,negative,0
patient_024_node_0,24,1,negative,0
patient_024_node_1,24,1,itc,1
patient_024_node_2,24,1,itc,1
patient_024_node_3,24,1,negative,0
patient_024_node_4,24,1,itc,1
patient_025_node_0,25,1,negative,0
patient_025_node_1,25,1,negative,0
patient_025_node_2,25,1,negative,0
patient_025_node_3,25,1,negative,0
patient_025_node_4,25,1,negative,0
patient_026_node_0,26,1,itc,1
patient_026_node_1,26,1,micro,2
patient_026_node_3,26,1,micro,2
patient_026_node_4,26,1,macro,3
patient_027_node_0,27,1,micro,2
patient_027_node_1,27,1,negative,0
patient_027_node_2,27,1,micro,2
patient_027_node_3,27,1,negative,0
patient_027_node_4,27,1,micro,2
patient_028_node_0,28,1,micro,2
patient_028_node_1,28,1,micro,2
patient_028_node_2,28,1,macro,3
patient_028_node_3,28,1,micro,2
patient_028_node_4,28,1,negative,0
patient_029_node_0,29,1,micro,2
patient_029_node_2,29,1,itc,1
patient_029_node_3,29,1,micro,2
patient_029_node_4,29,1,negative,0
patient_030_node_0,30,1,negative,0
patient_030_node_1,30,1,negative,0
patient_030_node_2,30,1,negative,0
patient_030_node_3,30,1,negative,0
patient_030_node_4,30,1,micro,2
patient_031_node_0,31,1,negative,0
patient_031_node_1,31,1,negative,0
patient_031_node_2,31,1,negative,0
patient_031_node_3,31,1,negative,0
patient_031_node_4,31,1,negative,0
patient_032_node_0,32,1,negative,0
patient_032_node_1,32,1,micro,2
patient_032_node_2,32,1,negative,0
patient_032_node_3,32,1,negative,0
patient_032_node_4,32,1,negative,0
patient_033_node_0,33,1,negative,0
patient_033_node_1,33,1,macro,3
patient_033_node_2,33,1,micro,2
patient_033_node_3,33,1,micro,2
patient_033_node_4,33,1,negative,0
patient_034_node_0,34,1,negative,0
patient_034_node_1,34,1,negative,0
patient_034_node_2,34,1,negative,0
patient_034_node_3,34,1,macro,3
patient_034_node_4,34,1,negative,0
patient_035_node_0,35,1,negative,0
patient_035_node_1,35,1,negative,0
patient_035_node_2,35,1,negative,0
patient_035_node_3,35,1,negative,0
patient_035_node_4,35,1,negative,0
patient_037_node_0,37,1,negative,0
patient_037_node_1,37,1,itc,1
patient_037_node_2,37,1,negative,0
patient_037_node_3,37,1,negative,0
patient_037_node_4,37,1,negative,0
patient_038_node_0,38,1,micro,2
patient_038_node_1,38,1,negative,0
patient_038_node_2,38,1,micro,2
patient_038_node_3,38,1,negative,0
patient_038_node_4,38,1,itc,1
patient_039_node_0,39,1,micro,2
patient_039_node_1,39,1,micro,2
patient_039_node_2,39,1,negative,0
patient_039_node_3,39,1,negative,0
patient_039_node_4,39,1,negative,0
patient_040_node_0,40,2,negative,0
patient_040_node_1,40,2,negative,0
patient_040_node_2,40,2,itc,1
patient_040_node_3,40,2,negative,0
patient_040_node_4,40,2,negative,0
patient_041_node_0,41,2,itc,1
patient_041_node_1,41,2,negative,0
patient_041_node_2,41,2,negative,0
patient_041_node_3,41,2,negative,0
patient_041_node_4,41,2,negative,0
patient_042_node_0,42,2,negative,0
patient_042_node_1,42,2,negative,0
patient_042_node_2,42,2,negative,0
patient_042_node_3,42,2,macro,3
patient_042_node_4,42,2,negative,0
patient_043_node_0,43,2,negative,0
patient_043_node_1,43,2,negative,0
patient_043_node_2,43,2,negative,0
patient_043_node_3,43,2,negative,0
patient_043_node_4,43,2,negative,0
patient_044_node_0,44,2,negative,0
patient_044_node_1,44,2,negative,0
patient_044_node_2,44,2,negative,0
patient_044_node_3,44,2,macro,3
patient_044_node_4,44,2,macro,3
patient_046_node_0,46,2,negative,0
patient_046_node_1,46,2,negative,0
patient_046_node_2,46,2,negative,0
patient_046_node_3,46,2,micro,2
patient_046_node_4,46,2,micro,2
patient_047_node_0,47,2,negative,0
patient_047_node_1,47,2,negative,0
patient_047_node_2,47,2,macro,3
patient_047_node_3,47,2,negative,0
patient_047_node_4,47,2,negative,0
patient_048_node_0,48,2,micro,2
patient_048_node_1,48,2,micro,2
patient_048_node_2,48,2,negative,0
patient_048_node_3,48,2,negative,0
patient_048_node_4,48,2,negative,0
patient_049_node_0,49,2,negative,0
patient_049_node_1,49,2,micro,2
patient_049_node_2,49,2,micro,2
patient_049_node_3,49,2,negative,0
patient_049_node_4,49,2,negative,0
patient_050_node_0,50,2,negative,0
patient_050_node_1,50,2,negative,0
patient_050_node_2,50,2,negative,0
patient_050_node_3,50,2,negative,0
patient_050_node_4,50,2,micro,2
patient_051_node_0,51,2,macro,3
patient_051_node_1,51,2,macro,3
patient_051_node_2,51,2,macro,3
patient_051_node_3,51,2,negative,0
patient_051_node_4,51,2,macro,3
patient_052_node_0,52,2,macro,3
patient_052_node_1,52,2,macro,3
patient_052_node_2,52,2,macro,3
patient_052_node_3,52,2,macro,3
patient_052_node_4,52,2,negative,0
patient_053_node_0,53,2,negative,0
patient_053_node_1,53,2,negative,0
patient_053_node_2,53,2,negative,0
patient_053_node_3,53,2,negative,0
patient_053_node_4,53,2,negative,0
patient_055_node_0,55,2,negative,0
patient_055_node_1,55,2,negative,0
patient_055_node_2,55,2,negative,0
patient_055_node_3,55,2,negative,0
patient_055_node_4,55,2,negative,0
patient_056_node_0,56,2,negative,0
patient_056_node_1,56,2,negative,0
patient_056_node_2,56,2,negative,0
patient_056_node_3,56,2,negative,0
patient_056_node_4,56,2,negative,0
patient_057_node_0,57,2,negative,0
patient_057_node_1,57,2,negative,0
patient_057_node_2,57,2,negative,0
patient_057_node_3,57,2,negative,0
patient_057_node_4,57,2,negative,0
patient_058_node_0,58,2,negative,0
patient_058_node_1,58,2,negative,0
patient_058_node_2,58,2,negative,0
patient_058_node_3,58,2,negative,0
patient_058_node_4,58,2,negative,0
patient_059_node_0,59,2,negative,0
patient_059_node_1,59,2,negative,0
patient_059_node_2,59,2,negative,0
patient_059_node_3,59,2,negative,0
patient_059_node_4,59,2,negative,0
